"","Position_um","Intensity_mean"
"1",0,234.4012
"2",2.02,234.72352
"3",4.03,233.95378
"4",6.05,234.19772
"5",8.06,233.85403
"6",10.08,233.7301
"7",12.1,232.75136
"8",14.11,232.54919
"9",16.13,231.57916
"10",18.15,231.6609
"11",20.16,231.23885
"12",22.18,230.64595
"13",24.19,230.0703
"14",26.21,229.95578
"15",28.23,229.65216
"16",30.24,229.78885
"17",32.26,229.0957
"18",34.27,229.24233
"19",36.29,229.32259
"20",38.31,230.29625
"21",40.32,230.50996
"22",42.34,230.40673
"23",44.35,230.24998
"24",46.37,230.13198
"25",48.39,230.20083
"26",50.4,230.96076
"27",52.42,230.25848
"28",54.44,230.14959
"29",56.45,229.34127
"30",58.47,228.93253
"31",60.48,228.41197
"32",62.5,228.45174
"33",64.52,227.13239
"34",66.53,227.28212
"35",68.55,225.74838
"36",70.56,225.00631
"37",72.58,224.27512
"38",74.6,224.53696
"39",76.61,223.8906
"40",78.63,224.17151
"41",80.65,223.9375
"42",82.66,224.38132
"43",84.68,224.24368
"44",86.69,224.48373
"45",88.71,224.48158
"46",90.73,224.58883
"47",92.74,223.60563
"48",94.76,223.75874
"49",96.77,222.1027
"50",98.79,221.9828
"51",100.81,221.45309
"52",102.82,221.57702
"53",104.84,221.39114
"54",106.85,221.71465
"55",108.87,222.11318
"56",110.89,222.62206
"57",112.9,222.78374
"58",114.92,222.76411
"59",116.94,223.02487
"60",118.95,223.25243
"61",120.97,223.19395
"62",122.98,222.89987
"63",125,222.11236
"64",127.02,222.14932
"65",129.03,221.48521
"66",131.05,220.98225
"67",133.06,220.9918
"68",135.08,220.69099
"69",137.1,220.5812
"70",139.11,220.73199
"71",141.13,220.28305
"72",143.15,219.98278
"73",145.16,219.97003
"74",147.18,219.84435
"75",149.19,219.29154
"76",151.21,219.24622
"77",153.23,218.58118
"78",155.24,218.59045
"79",157.26,218.35968
"80",159.27,218.60403
"81",161.29,219.26467
"82",163.31,219.75847
"83",165.32,218.98776
"84",167.34,219.42285
"85",169.35,219.17983
"86",171.37,219.16317
"87",173.39,218.83548
"88",175.4,218.85484
"89",177.42,218.69785
"90",179.44,218.78306
"91",181.45,219.66519
"92",183.47,220.21895
"93",185.48,220.70511
"94",187.5,220.96706
"95",189.52,221.13414
"96",191.53,221.07968
"97",193.55,221.06921
"98",195.56,221.18521
"99",197.58,221.95229
"100",199.6,221.8129
"101",201.61,221.89436
"102",203.63,221.84409
"103",205.65,221.60122
"104",207.66,222.11988
"105",209.68,222.07904
"106",211.69,222.0383
"107",213.71,221.78494
"108",215.73,222.48388
"109",217.74,222.99557
"110",219.76,223.52877
"111",221.77,223.39328
"112",223.79,223.51209
"113",225.81,222.97268
"114",227.82,222.7469
"115",229.84,222.92811
"116",231.85,223.22969
"117",233.87,223.50496
"118",235.89,223.59421
"119",237.9,223.42862
"120",239.92,222.60054
"121",241.94,222.17554
"122",243.95,222.22997
"123",245.97,222.3672
"124",247.98,222.48871
"125",250,222.43898
"126",252.02,222.09287
"127",254.03,221.81842
"128",256.05,221.12216
"129",258.06,220.48282
"130",260.08,220.38118
"131",262.1,220.44263
"132",264.11,221.78804
"133",266.13,221.68708
"134",268.15,221.32689
"135",270.16,220.6938
"136",272.18,221.257
"137",274.19,221.43307
"138",276.21,222.03077
"139",278.23,221.51922
"140",280.24,221.74905
"141",282.26,221.54061
"142",284.27,221.70148
"143",286.29,222.59396
"144",288.31,223.83696
"145",290.32,223.92272
"146",292.34,224.20526
"147",294.35,224.17298
"148",296.37,223.47527
"149",298.39,223.05
"150",300.4,223.21224
"151",302.42,223.19637
"152",304.44,223.06854
"153",306.45,223.34073
"154",308.47,222.86357
"155",310.48,222.45914
"156",312.5,222.99111
"157",314.52,222.69099
"158",316.53,222.51668
"159",318.55,222.79072
"160",320.56,223.20914
"161",322.58,222.61357
"162",324.6,223.49275
"163",326.61,223.56077
"164",328.63,223.39625
"165",330.65,223.15416
"166",332.66,223.1367
"167",334.68,222.29663
"168",336.69,222.50202
"169",338.71,221.86236
"170",340.73,222.3563
"171",342.74,222.66197
"172",344.76,222.92527
"173",346.77,222.53575
"174",348.79,223.44556
"175",350.81,222.59286
"176",352.82,222.43548
"177",354.84,222.83037
"178",356.85,223.09166
"179",358.87,222.47299
"180",360.89,223.19759
"181",362.9,223.25806
"182",364.92,222.68925
"183",366.94,221.83683
"184",368.95,220.98939
"185",370.97,219.59502
"186",372.98,219.1246
"187",375,218.74206
"188",377.02,218.34919
"189",379.03,218.3699
"190",381.05,218.46572
"191",383.06,218.06802
"192",385.08,217.9824
"193",387.1,217.30565
"194",389.11,218.17043
"195",391.13,218.69891
"196",393.15,219.61519
"197",395.16,219.53561
"198",397.18,219.60566
"199",399.19,219.18817
"200",401.21,219.59639
"201",403.23,219.29827
"202",405.24,219.67351
"203",407.26,219.60807
"204",409.27,219.43453
"205",411.29,219.7223
"206",413.31,220.05524
"207",415.32,219.3613
"208",417.34,219.94867
"209",419.35,220.35726
"210",421.37,220.45107
"211",423.39,219.47514
"212",425.4,219.2316
"213",427.42,219.14355
"214",429.44,219.56331
"215",431.45,219.97339
"216",433.47,219.88843
"217",435.48,219.53226
"218",437.5,219.56627
"219",439.52,219.43226
"220",441.53,219.25645
"221",443.55,219.58898
"222",445.56,219.45041
"223",447.58,218.97931
"224",449.6,219.2949
"225",451.61,218.45296
"226",453.63,218.76614
"227",455.65,219.39811
"228",457.66,219.81706
"229",459.68,219.51275
"230",461.69,219.66667
"231",463.71,219.09033
"232",465.73,218.73873
"233",467.74,217.67634
"234",469.76,217.75457
"235",471.77,217.48775
"236",473.79,217.82486
"237",475.81,217.32635
"238",477.82,218.01209
"239",479.84,218.73373
"240",481.85,218.72003
"241",483.87,218.28078
"242",485.89,218.24622
"243",487.9,217.91934
"244",489.92,218.15794
"245",491.94,218.02122
"246",493.95,217.81129
"247",495.97,217.68482
"248",497.98,218.08534
"249",500,217.96599
"250",502.02,217.58051
"251",504.03,216.95539
"252",506.05,216.26357
"253",508.06,216.13789
"254",510.08,216.30981
"255",512.1,216.14623
"256",514.11,215.82191
"257",516.13,215.35752
"258",518.15,215.69717
"259",520.16,215.61142
"260",522.18,215.89612
"261",524.19,215.75431
"262",526.21,215.02461
"263",528.23,214.58977
"264",530.24,214.23279
"265",532.26,214.64194
"266",534.27,215.27365
"267",536.29,214.62703
"268",538.31,214.48172
"269",540.32,213.8668
"270",542.34,213.46895
"271",544.35,213.53494
"272",546.37,213.61759
"273",548.39,213.13563
"274",550.4,212.29209
"275",552.42,211.22096
"276",554.44,210.84623
"277",556.45,211.52367
"278",558.47,211.46829
"279",560.48,210.84301
"280",562.5,211.53495
"281",564.52,212.04114
"282",566.53,212.94557
"283",568.55,213.3898
"284",570.56,213.20028
"285",572.58,212.85445
"286",574.6,212.57003
"287",576.61,211.86626
"288",578.63,211.6293
"289",580.65,210.54005
"290",582.66,210.45095
"291",584.68,209.43549
"292",586.69,208.99032
"293",588.71,209.19033
"294",590.73,209.80915
"295",592.74,209.58657
"296",594.76,209.19301
"297",596.77,208.97393
"298",598.79,208.14986
"299",600.81,208.59731
"300",602.82,208.00203
"301",604.84,208.80282
"302",606.85,209.26289
"303",608.87,209.49756
"304",610.89,209.91963
"305",612.9,209.29356
"306",614.92,208.53588
"307",616.94,207.59273
"308",618.95,207.78401
"309",620.97,208.93603
"310",622.98,209.91331
"311",625,209.81007
"312",627.02,209.43978
"313",629.03,210.16948
"314",631.05,210.99852
"315",633.06,210.71627
"316",635.08,210.20525
"317",637.1,210.25551
"318",639.11,210.07461
"319",641.13,210.37378
"320",643.15,210.22299
"321",645.16,210.42029
"322",647.18,211.81962
"323",649.19,212.77272
"324",651.21,213.47205
"325",653.23,213.67902
"326",655.24,213.23227
"327",657.26,212.49934
"328",659.27,212.53012
"329",661.29,212.4727
"330",663.31,212.66318
"331",665.32,213.74692
"332",667.34,214.58065
"333",669.35,214.47178
"334",671.37,214.7508
"335",673.39,214.91531
"336",675.4,215.33682
"337",677.42,215.44491
"338",679.44,215.36385
"339",681.45,215.21841
"340",683.47,215.23226
"341",685.48,214.69327
"342",687.5,213.83764
"343",689.52,213.32326
"344",691.53,212.86599
"345",693.55,212.03804
"346",695.56,212.14515
"347",697.58,212.34382
"348",699.6,212.29732
"349",701.61,212.26317
"350",703.63,211.84825
"351",705.65,211.98078
"352",707.66,211.78481
"353",709.68,212.32714
"354",711.69,212.40458
"355",713.71,212.26089
"356",715.73,212.09073
"357",717.74,212.6711
"358",719.76,212.84517
"359",721.77,213.40161
"360",723.79,213.41532
"361",725.81,212.80524
"362",727.82,212.75792
"363",729.84,213.48293
"364",731.85,213.46168
"365",733.87,214.06773
"366",735.89,214.66464
"367",737.9,214.45378
"368",739.92,214.67526
"369",741.94,213.21519
"370",743.95,211.85954
"371",745.97,212.07891
"372",747.98,211.91411
"373",750,211.69421
"374",752.02,212.80081
"375",754.03,214.5867
"376",756.05,214.43428
"377",758.06,214.43777
"378",760.08,214.42485
"379",762.1,215.38722
"380",764.11,216.32325
"381",766.13,216.63737
"382",768.15,217.0266
"383",770.16,217.10617
"384",772.18,217.14381
"385",774.19,216.97206
"386",776.21,216.68684
"387",778.23,216.52189
"388",780.24,216.62056
"389",782.26,217.07057
"390",784.27,216.80442
"391",786.29,216.49315
"392",788.31,215.61574
"393",790.32,215.48938
"394",792.34,215.40281
"395",794.35,215.53402
"396",796.37,215.64945
"397",798.39,215.86948
"398",800.4,215.72137
"399",802.42,215.12338
"400",804.44,215.00752
"401",806.45,214.70149
"402",808.47,214.31319
"403",810.48,214.01183
"404",812.5,213.19409
"405",814.52,212.98764
"406",816.53,212.74206
"407",818.55,213.56826
"408",820.56,213.51733
"409",822.58,213.21719
"410",824.6,213.71734
"411",826.61,214.41196
"412",828.63,214.53669
"413",830.65,213.60765
"414",832.66,212.60147
"415",834.68,212.72581
"416",836.69,212.54046
"417",838.71,212.25188
"418",840.73,211.71491
"419",842.74,211.61788
"420",844.76,212.37756
"421",846.77,213.73682
"422",848.79,214.39288
"423",850.81,214.48454
"424",852.82,214.2262
"425",854.84,214.62809
"426",856.85,214.73428
"427",858.87,214.83643
"428",860.89,214.37984
"429",862.9,212.81614
"430",864.92,212.51196
"431",866.94,211.96251
"432",868.95,210.9336
"433",870.97,210.34273
"434",872.98,209.91842
"435",875,209.77311
"436",877.02,209.09327
"437",879.03,208.88723
"438",881.05,209.46289
"439",883.06,209.71948
"440",885.08,209.7348
"441",887.1,209.857
"442",889.11,210.03051
"443",891.13,210.03293
"444",893.15,209.377
"445",895.16,210.00997
"446",897.18,210.69234
"447",899.19,210.91021
"448",901.21,211.21666
"449",903.23,211.68025
"450",905.24,211.20657
"451",907.26,211.46183
"452",909.27,211.83977
"453",911.29,212.43319
"454",913.31,213.17649
"455",915.32,213.21652
"456",917.34,212.59113
"457",919.35,212.557
"458",921.37,212.75956
"459",923.39,212.3141
"460",925.4,211.94919
"461",927.42,211.71921
"462",929.44,211.30456
"463",931.45,210.65792
"464",933.47,210.08737
"465",935.48,210.19583
"466",937.5,209.60472
"467",939.52,209.84583
"468",941.53,210.0527
"469",943.55,209.86547
"470",945.56,209.99812
"471",947.58,210.80995
"472",949.6,210.81693
"473",951.61,210.477
"474",953.63,210.30524
"475",955.65,210.73266
"476",957.66,211.62124
"477",959.68,211.40511
"478",961.69,211.92056
"479",963.71,211.44946
"480",965.73,211.28185
"481",967.74,210.52889
"482",969.76,210.56491
"483",971.77,209.44155
"484",973.79,209.5937
"485",975.81,209.64907
"486",977.82,209.85512
"487",979.84,210.02365
"488",981.85,209.97391
"489",983.87,210.26853
"490",985.89,210.72984
"491",987.9,210.63386
"492",989.92,211.02004
"493",991.94,211.0231
"494",993.95,210.95552
"495",995.97,211.09933
"496",997.98,211.31211
"497",1000,210.8613
"498",1002.02,210.94328
"499",1004.03,210.26612
"500",1006.05,210.87525
"501",1008.06,210.27191
"502",1010.08,210.44046
"503",1012.1,209.31653
"504",1014.11,209.21035
"505",1016.13,208.6324
"506",1018.15,209.10846
"507",1020.16,209.04167
"508",1022.18,210.08266
"509",1024.19,210.27702
"510",1026.21,210.70566
"511",1028.23,210.69195
"512",1030.24,211.01183
"513",1032.26,211.12688
"514",1034.27,211.37056
"515",1036.29,211.14691
"516",1038.31,211.25618
"517",1040.32,211.41558
"518",1042.34,211.46371
"519",1044.35,211.86665
"520",1046.37,212.26223
"521",1048.39,212.1285
"522",1050.4,212.159
"523",1052.42,210.76708
"524",1054.44,209.87688
"525",1056.45,208.8484
"526",1058.47,208.21438
"527",1060.48,207.23185
"528",1062.5,207.86008
"529",1064.52,207.59086
"530",1066.53,207.86855
"531",1068.55,207.97284
"532",1070.56,209.23899
"533",1072.58,210.22863
"534",1074.6,211.16679
"535",1076.61,210.96787
"536",1078.63,210.80134
"537",1080.65,210.31638
"538",1082.66,210.45793
"539",1084.68,210.25792
"540",1086.69,210.75739
"541",1088.71,210.77378
"542",1090.73,211.17232
"543",1092.74,211.28576
"544",1094.76,210.94853
"545",1096.77,209.4664
"546",1098.79,208.95996
"547",1100.81,208.22217
"548",1102.82,208.41531
"549",1104.84,208.16802
"550",1106.85,208.64275
"551",1108.87,208.19058
"552",1110.89,208.57272
"553",1112.9,208.09315
"554",1114.92,208.65739
"555",1116.94,208.75255
"556",1118.95,209.7266
"557",1120.97,209.27928
"558",1122.98,210.29288
"559",1125,209.69517
"560",1127.02,210.10162
"561",1129.03,209.74354
"562",1131.05,209.51843
"563",1133.06,208.72486
"564",1135.08,209.12902
"565",1137.1,209.325
"566",1139.11,209.86076
"567",1141.13,209.25512
"568",1143.15,209.99772
"569",1145.16,209.50013
"570",1147.18,209.98103
"571",1149.19,209.13213
"572",1151.21,209.41614
"573",1153.23,208.52541
"574",1155.24,208.56021
"575",1157.26,208.21599
"576",1159.27,209.02835
"577",1161.29,208.86317
"578",1163.31,209.89544
"579",1165.32,209.82863
"580",1167.34,210.59948
"581",1169.35,210.11545
"582",1171.37,210.85671
"583",1173.39,210.99987
"584",1175.4,212.15994
"585",1177.42,212.02836
"586",1179.44,212.83078
"587",1181.45,212.77661
"588",1183.47,213.20482
"589",1185.48,212.72823
"590",1187.5,213.25511
"591",1189.52,213.13871
"592",1191.53,213.17245
"593",1193.55,212.87607
"594",1195.56,213.29261
"595",1197.58,212.9152
"596",1199.6,213.20754
"597",1201.61,212.95591
"598",1203.63,213.03279
"599",1205.65,212.85512
"600",1207.66,213.36332
"601",1209.68,213.34125
"602",1211.69,213.97031
"603",1213.71,213.64098
"604",1215.73,213.82769
"605",1217.74,213.8793
"606",1219.76,214.78575
"607",1221.77,214.9824
"608",1223.79,215.8293
"609",1225.81,215.4531
"610",1227.82,215.80753
"611",1229.84,215.16492
"612",1231.85,215.57257
"613",1233.87,214.93723
"614",1235.89,215.03426
"615",1237.9,215.19193
"616",1239.92,216.11627
"617",1241.94,215.89476
"618",1243.95,216.54314
"619",1245.97,216.30242
"620",1247.98,217.13792
"621",1250,217.33629
"622",1252.02,218.31332
"623",1254.03,218.19207
"624",1256.05,218.57918
"625",1258.06,218.02352
"626",1260.08,218.78212
"627",1262.1,218.2723
"628",1264.11,218.76465
"629",1266.13,218.05229
"630",1268.15,218.38617
"631",1270.16,218.09796
"632",1272.18,218.70967
"633",1274.19,218.40363
"634",1276.21,218.89637
"635",1278.23,217.79126
"636",1280.24,218.53536
"637",1282.26,218.53937
"638",1284.27,218.93225
"639",1286.29,218.8797
"640",1288.31,219.64463
"641",1290.32,219.12058
"642",1292.34,219.24462
"643",1294.35,218.86665
"644",1296.37,218.9492
"645",1298.39,217.70189
"646",1300.4,217.6711
"647",1302.42,217.06101
"648",1304.44,217.19906
"649",1306.45,216.02097
"650",1308.47,216.39422
"651",1310.48,215.49261
"652",1312.5,215.90875
"653",1314.52,214.49327
"654",1316.53,214.46843
"655",1318.55,213.42824
"656",1320.56,213.68992
"657",1322.58,212.42353
"658",1324.6,212.85564
"659",1326.61,211.92015
"660",1328.63,212.4785
"661",1330.65,212.02608
"662",1332.66,212.69475
"663",1334.68,211.6336
"664",1336.69,211.79476
"665",1338.71,210.96762
"666",1340.73,211.10336
"667",1342.74,210.72042
"668",1344.76,211.20296
"669",1346.77,210.60887
"670",1348.79,211.00726
"671",1350.81,210.6086
"672",1352.82,211.36398
"673",1354.84,210.92191
"674",1356.85,211.73791
"675",1358.87,211.24839
"676",1360.89,212.33254
"677",1362.9,212.00122
"678",1364.92,213.16855
"679",1366.94,213.16626
"680",1368.95,214.30552
"681",1370.97,214.00269
"682",1372.98,215.2117
"683",1375,214.97459
"684",1377.02,215.6012
"685",1379.03,215.14972
"686",1381.05,215.68951
"687",1383.06,214.90418
"688",1385.08,215.53631
"689",1387.1,215.07299
"690",1389.11,214.96948
"691",1391.13,215.02634
"692",1393.15,215.98453
"693",1395.16,215.86922
"694",1397.18,216.81317
"695",1399.19,216.53924
"696",1401.21,217.16774
"697",1403.23,216.79018
"698",1405.24,217.22472
"699",1407.26,216.52539
"700",1409.27,217.2055
"701",1411.29,216.67259
"702",1413.31,217.2687
"703",1415.32,216.94422
"704",1417.34,217.69893
"705",1419.35,216.8121
"706",1421.37,217.32809
"707",1423.39,217.11479
"708",1425.4,217.81532
"709",1427.42,217.59072
"710",1429.44,217.6781
"711",1431.45,216.48052
"712",1433.47,216.55553
"713",1435.48,215.95361
"714",1437.5,216.30913
"715",1439.52,215.54544
"716",1441.53,215.56667
"717",1443.55,214.77527
"718",1445.56,214.61088
"719",1447.58,213.3957
"720",1449.6,214.03413
"721",1451.61,213.27083
"722",1453.63,213.48711
"723",1455.65,212.78065
"724",1457.66,213.42392
"725",1459.68,212.75969
"726",1461.69,213.49798
"727",1463.71,212.91208
"728",1465.73,213.41695
"729",1467.74,213.0738
"730",1469.76,213.65015
"731",1471.77,212.36868
"732",1473.79,212.54273
"733",1475.81,211.69597
"734",1477.82,212.51949
"735",1479.84,211.77835
"736",1481.85,212.01869
"737",1483.87,211.26103
"738",1485.89,211.60108
"739",1487.9,210.6617
"740",1489.92,211.34355
"741",1491.94,210.99503
"742",1493.95,212.40539
"743",1495.97,211.57472
"744",1497.98,212.87635
"745",1500,212.75566
"746",1502.02,213.25645
"747",1504.03,213.40901
"748",1506.05,214.65631
"749",1508.06,214.46426
"750",1510.08,215.62931
"751",1512.1,215.63212
"752",1514.11,217.04221
"753",1516.13,216.96224
"754",1518.15,217.41546
"755",1520.16,216.42984
"756",1522.18,216.51223
"757",1524.19,215.10753
"758",1526.21,215.26894
"759",1528.23,214.57071
"760",1530.24,214.81198
"761",1532.26,214.2598
"762",1534.27,214.6965
"763",1536.29,214.23374
"764",1538.31,215.1668
"765",1540.32,214.81398
"766",1542.34,215.27783
"767",1544.35,214.84477
"768",1546.37,215.86815
"769",1548.39,215.80498
"770",1550.4,216.30189
"771",1552.42,215.53739
"772",1554.44,215.82473
"773",1556.45,215.00119
"774",1558.47,215.06573
"775",1560.48,214.18885
"776",1562.5,214.31264
"777",1564.52,212.98442
"778",1566.53,213.30485
"779",1568.55,212.7031
"780",1570.56,213.45363
"781",1572.58,212.78764
"782",1574.6,213.37729
"783",1576.61,212.47311
"784",1578.63,212.74892
"785",1580.65,211.81802
"786",1582.66,212.31787
"787",1584.68,211.50255
"788",1586.69,212.85095
"789",1588.71,212.6703
"790",1590.73,213.77301
"791",1592.74,213.5789
"792",1594.76,214.71156
"793",1596.77,213.71236
"794",1598.79,214.27972
"795",1600.81,213.95887
"796",1602.82,214.59181
"797",1604.84,213.6832
"798",1606.85,214.53293
"799",1608.87,213.59327
"800",1610.89,214.19207
"801",1612.9,212.85201
"802",1614.92,213.32218
"803",1616.94,212.30685
"804",1618.95,213.08804
"805",1620.97,212.1164
"806",1622.98,212.9379
"807",1625,212.73132
"808",1627.02,213.5997
"809",1629.03,213.87513
"810",1631.05,214.75834
"811",1633.06,214.34074
"812",1635.08,215.06773
"813",1637.1,214.57889
"814",1639.11,214.87985
"815",1641.13,214.79127
"816",1643.15,215.4332
"817",1645.16,215.26707
"818",1647.18,216.20699
"819",1649.19,215.94139
"820",1651.21,216.59664
"821",1653.23,216.27675
"822",1655.24,217.33979
"823",1657.26,216.54946
"824",1659.27,216.73211
"825",1661.29,215.65241
"826",1663.31,216.43551
"827",1665.32,215.77257
"828",1667.34,216.54368
"829",1669.35,215.12889
"830",1671.37,215.5988
"831",1673.39,214.92069
"832",1675.4,215.39394
"833",1677.42,214.72634
"834",1679.44,215.34986
"835",1681.45,214.67928
"836",1683.47,215.825
"837",1685.48,215.29071
"838",1687.5,216.17233
"839",1689.52,216.01869
"840",1691.53,217.0617
"841",1693.55,216.53643
"842",1695.56,217.26721
"843",1697.58,216.44691
"844",1699.6,216.80469
"845",1701.61,215.81061
"846",1703.63,216.15175
"847",1705.65,215.3242
"848",1707.66,215.4371
"849",1709.68,214.36223
"850",1711.69,214.87984
"851",1713.71,213.22338
"852",1715.73,213.95672
"853",1717.74,212.84933
"854",1719.76,213.52152
"855",1721.77,212.45551
"856",1723.79,213.5508
"857",1725.81,212.63038
"858",1727.82,213.60459
"859",1729.84,212.80188
"860",1731.85,213.4254
"861",1733.87,212.26276
"862",1735.89,213.57957
"863",1737.9,213.09247
"864",1739.92,214.16734
"865",1741.94,214.62756
"866",1743.95,215.9308
"867",1745.97,215.16814
"868",1747.98,215.74435
"869",1750,215.47756
"870",1752.02,216.38871
"871",1754.03,215.94463
"872",1756.05,216.03374
"873",1758.06,215.3797
"874",1760.08,215.87218
"875",1762.1,216.19166
"876",1764.11,217.20699
"877",1766.13,216.91022
"878",1768.15,218.36261
"879",1770.16,217.47299
"880",1772.18,217.81102
"881",1774.19,217.14368
"882",1776.21,217.83495
"883",1778.23,217.18682
"884",1780.24,217.66103
"885",1782.26,216.53199
"886",1784.27,216.74974
"887",1786.29,215.38952
"888",1788.31,214.93643
"889",1790.32,212.82877
"890",1792.34,212.55135
"891",1794.35,211.11249
"892",1796.37,212.28508
"893",1798.39,212.02407
"894",1800.4,213.62956
"895",1802.42,213.29624
"896",1804.44,214.32003
"897",1806.45,213.94773
"898",1808.47,214.62527
"899",1810.48,213.58468
"900",1812.5,213.93293
"901",1814.52,212.94276
"902",1816.53,213.49531
"903",1818.55,212.32648
"904",1820.56,213.52997
"905",1822.58,212.78171
"906",1824.6,213.66049
"907",1826.61,213.08831
"908",1828.63,214.20391
"909",1830.65,214.01722
"910",1832.66,215.56477
"911",1834.68,215.02111
"912",1836.69,215.71773
"913",1838.71,215.11491
"914",1840.73,216.16586
"915",1842.74,214.81829
"916",1844.76,215.66492
"917",1846.77,214.69651
"918",1848.79,215.5285
"919",1850.81,215.16707
"920",1852.82,215.81909
"921",1854.84,214.83389
"922",1856.85,215.73345
"923",1858.87,215.54719
"924",1860.89,216.44032
"925",1862.9,215.27084
"926",1864.92,216.29854
"927",1866.94,215.01962
"928",1868.95,216.34637
"929",1870.97,215.92514
"930",1872.98,217.32326
"931",1875,216.73079
"932",1877.02,217.70846
"933",1879.03,217.48279
"934",1881.05,218.24274
"935",1883.06,217.32312
"936",1885.08,217.35806
"937",1887.1,216.83132
"938",1889.11,216.96667
"939",1891.13,216.14234
"940",1893.15,217.16854
"941",1895.16,215.91789
"942",1897.18,216.44624
"943",1899.19,216.25927
"944",1901.21,217.57958
"945",1903.23,216.70283
"946",1905.24,217.50309
"947",1907.26,217.52688
"948",1909.27,219.27016
"949",1911.29,218.23749
"950",1913.31,218.86573
"951",1915.32,217.51008
"952",1917.34,218.39853
"953",1919.35,218.1254
"954",1921.37,219.6824
"955",1923.39,218.99584
"956",1925.4,220.36761
"957",1927.42,219.55792
"958",1929.44,220.47419
"959",1931.45,219.72151
"960",1933.47,220.27029
"961",1935.48,219.20255
"962",1937.5,220.1875
"963",1939.52,220.01988
"964",1941.53,221.14489
"965",1943.55,221.28937
"966",1945.56,222.11048
"967",1947.58,221.50913
"968",1949.6,222.31586
"969",1951.61,221.87595
"970",1953.63,222.73548
"971",1955.65,221.76102
"972",1957.66,222.71574
"973",1959.68,221.72621
"974",1961.69,222.41949
"975",1963.71,221.19585
"976",1965.73,221.72432
"977",1967.74,220.42365
"978",1969.76,221.14758
"979",1971.77,220.18293
"980",1973.79,221.87042
"981",1975.81,221.33776
"982",1977.82,222.27743
"983",1979.84,221.34357
"984",1981.85,222.75431
"985",1983.87,222.06976
"986",1985.89,222.59651
"987",1987.9,221.51048
"988",1989.92,222.09354
"989",1991.94,220.49342
"990",1993.95,221.57822
"991",1995.97,221.16372
"992",1997.98,222.47393
"993",2000,221.58254
"994",2002.02,221.45188
"995",2004.03,220.39059
"996",2006.05,221.16991
"997",2008.06,220.06115
"998",2010.08,220.97191
"999",2012.1,219.63414
"1000",2014.11,220.27164
"1001",2016.13,218.80133
"1002",2018.15,219.13348
"1003",2020.16,217.20497
"1004",2022.18,217.60242
"1005",2024.19,215.97796
"1006",2026.21,216.72648
"1007",2028.23,215.69676
"1008",2030.24,216.32271
"1009",2032.26,215.21922
"1010",2034.27,216.04866
"1011",2036.29,214.49276
"1012",2038.31,215.46599
"1013",2040.32,215.19099
"1014",2042.34,215.98576
"1015",2044.35,215.60377
"1016",2046.37,217.01034
"1017",2048.39,216.55429
"1018",2050.4,217.83496
"1019",2052.42,216.76612
"1020",2054.44,218.07367
"1021",2056.45,217.46331
"1022",2058.47,218.97177
"1023",2060.48,217.91357
"1024",2062.5,219.42582
"1025",2064.52,218.58186
"1026",2066.53,219.97337
"1027",2068.55,218.98239
"1028",2070.56,219.38509
"1029",2072.58,217.68509
"1030",2074.6,218.93696
"1031",2076.61,217.66492
"1032",2078.63,218.28778
"1033",2080.65,216.31895
"1034",2082.66,217.39435
"1035",2084.68,215.96424
"1036",2086.69,216.98644
"1037",2088.71,216.17017
"1038",2090.73,217.81613
"1039",2092.74,216.43078
"1040",2094.76,217.67809
"1041",2096.77,217.0176
"1042",2098.79,218.28186
"1043",2100.81,217.88173
"1044",2102.82,218.72218
"1045",2104.84,217.27808
"1046",2106.85,217.73374
"1047",2108.87,216.8715
"1048",2110.89,217.53146
"1049",2112.9,216.25714
"1050",2114.92,216.68737
"1051",2116.94,215.49005
"1052",2118.95,215.76143
"1053",2120.97,214.6965
"1054",2122.98,215.66344
"1055",2125,215.53037
"1056",2127.02,217.67069
"1057",2129.03,216.89126
"1058",2131.05,218.03709
"1059",2133.06,216.78308
"1060",2135.08,217.59986
"1061",2137.1,217.03265
"1062",2139.11,217.83924
"1063",2141.13,217.48078
"1064",2143.15,218.55067
"1065",2145.16,218.21531
"1066",2147.18,219.48037
"1067",2149.19,219.57755
"1068",2151.21,220.12379
"1069",2153.23,219.22124
"1070",2155.24,220.37742
"1071",2157.26,219.78817
"1072",2159.27,220.54651
"1073",2161.29,219.97526
"1074",2163.31,221.52071
"1075",2165.32,220.94798
"1076",2167.34,221.94919
"1077",2169.35,220.99477
"1078",2171.37,221.60121
"1079",2173.39,219.78426
"1080",2175.4,220.12123
"1081",2177.42,219.68884
"1082",2179.44,220.24488
"1083",2181.45,219.98387
"1084",2183.47,220.75524
"1085",2185.48,220.29154
"1086",2187.5,221.23091
"1087",2189.52,220.63454
"1088",2191.53,221.68239
"1089",2193.55,221.63426
"1090",2195.56,222.97728
"1091",2197.58,222.36343
"1092",2199.6,223.50591
"1093",2201.61,223.39288
"1094",2203.63,223.94153
"1095",2205.65,223.10806
"1096",2207.66,224.03778
"1097",2209.68,223.62701
"1098",2211.69,224.2071
"1099",2213.71,224.06922
"1100",2215.73,225.20525
"1101",2217.74,224.29921
"1102",2219.76,225.08844
"1103",2221.77,224.62514
"1104",2223.79,225.22595
"1105",2225.81,225.41062
"1106",2227.82,225.91531
"1107",2229.84,224.9504
"1108",2231.85,225.78333
"1109",2233.87,225.00216
"1110",2235.89,225.70553
"1111",2237.9,225.12474
"1112",2239.92,226.01722
"1113",2241.94,225.92876
"1114",2243.95,226.83373
"1115",2245.97,225.80537
"1116",2247.98,226.02742
"1117",2250,225.74167
"1118",2252.02,226.74127
"1119",2254.03,226.02904
"1120",2256.05,226.5832
"1121",2258.06,225.55711
"1122",2260.08,225.88089
"1123",2262.1,224.59584
"1124",2264.11,225.22217
"1125",2266.13,224.2324
"1126",2268.15,225.10417
"1127",2270.16,223.93993
"1128",2272.18,224.4129
"1129",2274.19,224.16974
"1130",2276.21,225.06681
"1131",2278.23,224.28575
"1132",2280.24,225.71599
"1133",2282.26,225.64704
"1134",2284.27,226.60255
"1135",2286.29,226.23481
"1136",2288.31,227.14704
"1137",2290.32,226.58427
"1138",2292.34,227.04181
"1139",2294.35,226.16332
"1140",2296.37,226.57354
"1141",2298.39,225.24582
"1142",2300.4,225.92915
"1143",2302.42,225.71479
"1144",2304.44,226.99516
"1145",2306.45,226.79704
"1146",2308.47,226.93294
"1147",2310.48,225.82084
"1148",2312.5,226.37485
"1149",2314.52,225.37055
"1150",2316.53,225.52566
"1151",2318.55,225.05309
"1152",2320.56,225.68684
"1153",2322.58,224.97957
"1154",2324.6,225.87862
"1155",2326.61,226.08751
"1156",2328.63,227.34665
"1157",2330.65,225.94396
"1158",2332.66,226.1422
"1159",2334.68,224.55174
"1160",2336.69,224.66977
"1161",2338.71,223.3078
"1162",2340.73,223.80483
"1163",2342.74,222.95149
"1164",2344.76,223.84906
"1165",2346.77,222.98669
"1166",2348.79,223.16145
"1167",2350.81,221.66813
"1168",2352.82,223.14476
"1169",2354.84,223.08832
"1170",2356.85,224.75684
"1171",2358.87,223.89676
"1172",2360.89,224.65901
"1173",2362.9,223.0656
"1174",2364.92,223.51627
"1175",2366.94,222.00633
"1176",2368.95,222.81707
"1177",2370.97,220.95376
"1178",2372.98,221.63037
"1179",2375,220.27674
"1180",2377.02,220.65147
"1181",2379.03,218.72635
"1182",2381.05,219.35146
"1183",2383.06,218.09489
"1184",2385.08,218.73186
"1185",2387.1,217.33078
"1186",2389.11,218.08038
"1187",2391.13,217.3488
"1188",2393.15,217.82715
"1189",2395.16,216.09422
"1190",2397.18,217.36801
"1191",2399.19,216.49891
"1192",2401.21,218.13523
"1193",2403.23,217.56398
"1194",2405.24,219.13441
"1195",2407.26,217.81048
"1196",2409.27,218.99637
"1197",2411.29,218.01774
"1198",2413.31,219.25083
"1199",2415.32,218.87433
"1200",2417.34,220.77179
"1201",2419.35,220.67808
"1202",2421.37,221.73091
"1203",2423.39,221.00645
"1204",2425.4,221.78133
"1205",2427.42,220.54798
"1206",2429.44,221.25095
"1207",2431.45,220.54477
"1208",2433.47,221.68334
"1209",2435.48,220.43616
"1210",2437.5,221.00605
"1211",2439.52,219.65255
"1212",2441.53,221.16239
"1213",2443.55,220.47259
"1214",2445.56,221.41048
"1215",2447.58,220.40202
"1216",2449.6,221.31143
"1217",2451.61,219.69301
"1218",2453.63,220.15268
"1219",2455.65,219.60512
"1220",2457.66,220.56021
"1221",2459.68,219.76707
"1222",2461.69,220.64611
"1223",2463.71,219.92768
"1224",2465.73,221.08333
"1225",2467.74,219.94114
"1226",2469.76,221.5762
"1227",2471.77,220.32662
"1228",2473.79,221.07594
"1229",2475.81,220.03239
"1230",2477.82,220.77781
"1231",2479.84,219.66908
"1232",2481.85,220.82474
"1233",2483.87,219.75578
"1234",2485.89,220.25968
"1235",2487.9,218.78495
"1236",2489.92,219.83562
"1237",2491.94,218.32662
"1238",2493.95,218.7676
"1239",2495.97,217.90242
"1240",2497.98,218.47635
"1241",2500,217.3336
"1242",2502.02,218.31357
"1243",2504.03,217.76236
"1244",2506.05,217.9942
"1245",2508.06,216.91734
"1246",2510.08,217.68024
"1247",2512.1,216.20269
"1248",2514.11,216.68038
"1249",2516.13,215.89287
"1250",2518.15,217.60002
"1251",2520.16,216.8039
"1252",2522.18,217.66491
"1253",2524.19,215.65606
"1254",2526.21,216.06801
"1255",2528.23,215.38159
"1256",2530.24,217.41115
"1257",2532.26,216.6391
"1258",2534.27,218.08468
"1259",2536.29,217.24625
"1260",2538.31,217.16572
"1261",2540.32,215.54784
"1262",2542.34,216.46895
"1263",2544.35,216.20268
"1264",2546.37,217.91801
"1265",2548.39,217.60537
"1266",2550.4,218.64059
"1267",2552.42,218.11963
"1268",2554.44,219.67043
"1269",2556.45,218.60766
"1270",2558.47,218.5894
"1271",2560.48,217.45134
"1272",2562.5,218.46412
"1273",2564.52,217.31251
"1274",2566.53,218.54141
"1275",2568.55,217.21478
"1276",2570.56,218.12016
"1277",2572.58,215.9824
"1278",2574.6,217.08065
"1279",2576.61,215.26908
"1280",2578.63,215.96665
"1281",2580.65,214.46037
"1282",2582.66,215.80966
"1283",2584.68,214.33723
"1284",2586.69,215.13844
"1285",2588.71,214.76828
"1286",2590.73,217.6219
"1287",2592.74,217.43723
"1288",2594.76,217.96196
"1289",2596.77,216.23199
"1290",2598.79,217.43359
"1291",2600.81,216.15968
"1292",2602.82,217.83372
"1293",2604.84,216.82325
"1294",2606.85,217.64261
"1295",2608.87,216.02177
"1296",2610.89,217.73682
"1297",2612.9,216.34099
"1298",2614.92,216.69436
"1299",2616.94,214.75617
"1300",2618.95,215.60592
"1301",2620.97,214.83965
"1302",2622.98,215.98011
"1303",2625,214.96263
"1304",2627.02,215.75684
"1305",2629.03,214.73426
"1306",2631.05,215.48268
"1307",2633.06,214.00269
"1308",2635.08,214.85781
"1309",2637.1,213.7309
"1310",2639.11,214.79166
"1311",2641.13,214.13993
"1312",2643.15,216.00067
"1313",2645.16,216.22526
"1314",2647.18,217.25349
"1315",2649.19,216.98213
"1316",2651.21,217.77582
"1317",2653.23,217.51722
"1318",2655.24,218.30912
"1319",2657.26,218.50416
"1320",2659.27,220.74503
"1321",2661.29,221.24772
"1322",2663.31,222.17849
"1323",2665.32,222.00268
"1324",2667.34,223.0137
"1325",2669.35,222.69435
"1326",2671.37,223.54946
"1327",2673.39,223.41801
"1328",2675.4,224.60458
"1329",2677.42,224.03038
"1330",2679.44,224.57124
"1331",2681.45,224.16519
"1332",2683.47,224.94571
"1333",2685.48,224.40819
"1334",2687.5,224.83333
"1335",2689.52,223.63374
"1336",2691.53,224.6195
"1337",2693.55,224.45161
"1338",2695.56,225.37446
"1339",2697.58,224.09973
"1340",2699.6,224.49019
"1341",2701.61,223.94946
"1342",2703.63,224.23657
"1343",2705.65,224.17796
"1344",2707.66,224.60377
"1345",2709.68,223.51789
"1346",2711.69,223.30766
"1347",2713.71,222.8672
"1348",2715.73,223.43602
"1349",2717.74,222.45658
"1350",2719.76,222.86746
"1351",2721.77,222.49651
"1352",2723.79,223.33924
"1353",2725.81,222.7453
"1354",2727.82,223.4395
"1355",2729.84,223.22714
"1356",2731.85,225.08173
"1357",2733.87,224.69973
"1358",2735.89,225.83158
"1359",2737.9,225.25188
"1360",2739.92,226.42649
"1361",2741.94,225.20402
"1362",2743.95,225.51572
"1363",2745.97,224.50039
"1364",2747.98,224.94757
"1365",2750,223.6004
"1366",2752.02,223.29101
"1367",2754.03,222.09141
"1368",2756.05,223.07406
"1369",2758.06,222.3562
"1370",2760.08,222.85578
"1371",2762.1,222.00162
"1372",2764.11,222.41694
"1373",2766.13,222.16706
"1374",2768.15,222.70996
"1375",2770.16,222.07298
"1376",2772.18,222.7164
"1377",2774.19,222.11788
"1378",2776.21,222.94139
"1379",2778.23,221.60323
"1380",2780.24,222.53898
"1381",2782.26,221.76599
"1382",2784.27,222.75873
"1383",2786.29,221.51774
"1384",2788.31,222.81841
"1385",2790.32,222.37903
"1386",2792.34,223.49799
"1387",2794.35,223.00874
"1388",2796.37,223.66101
"1389",2798.39,222.43749
"1390",2800.4,223.14113
"1391",2802.42,221.74745
"1392",2804.44,222.51249
"1393",2806.45,221.18576
"1394",2808.47,221.47822
"1395",2810.48,220.5023
"1396",2812.5,220.86519
"1397",2814.52,220.47837
"1398",2816.53,221.41103
"1399",2818.55,221.11332
"1400",2820.56,222.10524
"1401",2822.58,221.54114
"1402",2824.6,222.3059
"1403",2826.61,221.96009
"1404",2828.63,222.07137
"1405",2830.65,220.97566
"1406",2832.66,221.35201
"1407",2834.68,220.85766
"1408",2836.69,221.48709
"1409",2838.71,220.56654
"1410",2840.73,220.68347
"1411",2842.74,219.68994
"1412",2844.76,221.28709
"1413",2846.77,220.66304
"1414",2848.79,222.28091
"1415",2850.81,222.35631
"1416",2852.82,223.23266
"1417",2854.84,222.3359
"1418",2856.85,223.73601
"1419",2858.87,223.1918
"1420",2860.89,224.24195
"1421",2862.9,223.70295
"1422",2864.92,224.36853
"1423",2866.94,224.31183
"1424",2868.95,224.90751
"1425",2870.97,223.65028
"1426",2872.98,224.12418
"1427",2875,223.56383
"1428",2877.02,224.18386
"1429",2879.03,222.84166
"1430",2881.05,222.71007
"1431",2883.06,221.7516
"1432",2885.08,222.30268
"1433",2887.1,221.67311
"1434",2889.11,222.06667
"1435",2891.13,221.68065
"1436",2893.15,222.809
"1437",2895.16,222.07246
"1438",2897.18,222.79959
"1439",2899.19,222.58509
"1440",2901.21,223.61171
"1441",2903.23,222.95405
"1442",2905.24,223.63805
"1443",2907.26,222.74194
"1444",2909.27,223.82229
"1445",2911.29,223.38306
"1446",2913.31,224.36437
"1447",2915.32,223.67112
"1448",2917.34,224.85618
"1449",2919.35,224.66922
"1450",2921.37,224.73846
"1451",2923.39,224.45861
"1452",2925.4,225.17514
"1453",2927.42,223.80188
"1454",2929.44,223.88414
"1455",2931.45,222.52593
"1456",2933.47,223.02178
"1457",2935.48,222.10148
"1458",2937.5,222.68522
"1459",2939.52,221.93842
"1460",2941.53,222.50995
"1461",2943.55,221.20295
"1462",2945.56,222.03979
"1463",2947.58,221.9004
"1464",2949.6,223.19665
"1465",2951.61,222.65349
"1466",2953.63,223.50605
"1467",2955.65,223.11695
"1468",2957.66,224.61559
"1469",2959.68,224.41613
"1470",2961.69,225.21088
"1471",2963.71,225.09676
"1472",2965.73,226.21908
"1473",2967.74,225.95269
"1474",2969.76,226.57058
"1475",2971.77,224.85982
"1476",2973.79,225.3047
"1477",2975.81,222.58521
"1478",2977.82,222.89099
"1479",2979.84,221.10714
"1480",2981.85,221.65833
"1481",2983.87,220.27354
"1482",2985.89,221.17677
"1483",2987.9,221.21774
"1484",2989.92,222.78536
"1485",2991.94,222.10296
"1486",2993.95,223.04396
"1487",2995.97,222.5137
"1488",2997.98,223.38656
"1489",3000,222.77849
"1490",3002.02,223.67458
"1491",3004.03,222.91545
"1492",3006.05,223.99099
"1493",3008.06,223.13293
"1494",3010.08,224.25632
"1495",3012.1,222.9926
"1496",3014.11,223.41882
"1497",3016.13,221.54987
"1498",3018.15,222.46036
"1499",3020.16,220.72432
"1500",3022.18,221.57972
"1501",3024.19,220.80982
"1502",3026.21,221.96155
"1503",3028.23,221.15417
"1504",3030.24,221.70577
"1505",3032.26,220.66815
"1506",3034.27,221.15337
"1507",3036.29,219.30686
"1508",3038.31,220.23239
"1509",3040.32,218.86815
"1510",3042.34,219.44692
"1511",3044.35,217.39099
"1512",3046.37,218.18804
"1513",3048.39,216.6879
"1514",3050.4,216.49691
"1515",3052.42,214.94988
"1516",3054.44,215.46492
"1517",3056.45,213.84381
"1518",3058.47,214.09759
"1519",3060.48,212.6359
"1520",3062.5,214.15537
"1521",3064.52,212.83267
"1522",3066.53,213.41747
"1523",3068.55,212.89893
"1524",3070.56,214.29797
"1525",3072.58,212.82151
"1526",3074.6,214.20201
"1527",3076.61,213.30135
"1528",3078.63,214.92782
"1529",3080.65,213.73279
"1530",3082.66,214.92068
"1531",3084.68,213.80753
"1532",3086.69,214.72515
"1533",3088.71,213.32607
"1534",3090.73,214.99274
"1535",3092.74,214.53427
"1536",3094.76,215.41063
"1537",3096.77,214.082
"1538",3098.79,215.58374
"1539",3100.81,215.02487
"1540",3102.82,215.49813
"1541",3104.84,214.32177
"1542",3106.85,215.66492
"1543",3108.87,215.0539
"1544",3110.89,216.04046
"1545",3112.9,214.8738
"1546",3114.92,215.51076
"1547",3116.94,214.60082
"1548",3118.95,215.06707
"1549",3120.97,213.67983
"1550",3122.98,214.10336
"1551",3125,212.64571
"1552",3127.02,213.53145
"1553",3129.03,212.31708
"1554",3131.05,213.10469
"1555",3133.06,211.94664
"1556",3135.08,212.82218
"1557",3137.1,210.98145
"1558",3139.11,210.98347
"1559",3141.13,209.6461
"1560",3143.15,210.62729
"1561",3145.16,209.18521
"1562",3147.18,209.72714
"1563",3149.19,208.51209
"1564",3151.21,209.55672
"1565",3153.23,208.34678
"1566",3155.24,208.61828
"1567",3157.26,206.9289
"1568",3159.27,207.55445
"1569",3161.29,206.30001
"1570",3163.31,207.19542
"1571",3165.32,207.28494
"1572",3167.34,209.39301
"1573",3169.35,208.47004
"1574",3171.37,209.76868
"1575",3173.39,208.70041
"1576",3175.4,209.72393
"1577",3177.42,208.52095
"1578",3179.44,208.96317
"1579",3181.45,208.22689
"1580",3183.47,209.54314
"1581",3185.48,208.38575
"1582",3187.5,209.93253
"1583",3189.52,208.73804
"1584",3191.53,209.382
"1585",3193.55,207.20188
"1586",3195.56,207.57204
"1587",3197.58,206.28991
"1588",3199.6,206.34435
"1589",3201.61,204.71586
"1590",3203.63,204.01815
"1591",3205.65,203.14181
"1592",3207.66,204.47407
"1593",3209.68,204.04259
"1594",3211.69,205.16426
"1595",3213.71,205.27446
"1596",3215.73,206.71155
"1597",3217.74,207.15981
"1598",3219.76,209.19756
"1599",3221.77,209.49584
"1600",3223.79,211.0887
"1601",3225.81,210.26854
"1602",3227.82,211.05322
"1603",3229.84,210.82515
"1604",3231.85,211.71183
"1605",3233.87,211.55309
"1606",3235.89,212.43117
"1607",3237.9,212.19139
"1608",3239.92,213.06908
"1609",3241.94,212.30806
"1610",3243.95,212.53226
"1611",3245.97,211.58601
"1612",3247.98,211.84259
"1613",3250,210.89236
"1614",3252.02,211.15928
"1615",3254.03,210.76735
"1616",3256.05,211.53308
"1617",3258.06,211.81843
"1618",3260.08,212.50941
"1619",3262.1,213.01976
"1620",3264.11,213.62916
"1621",3266.13,213.37084
"1622",3268.15,213.82514
"1623",3270.16,213.53817
"1624",3272.18,213.81425
"1625",3274.19,213.1727
"1626",3276.21,214.40699
"1627",3278.23,213.72943
"1628",3280.24,214.45228
"1629",3282.26,213.85861
"1630",3284.27,214.85377
"1631",3286.29,213.81788
"1632",3288.31,214.93805
"1633",3290.32,214.36128
"1634",3292.34,215.03415
"1635",3294.35,214.29355
"1636",3296.37,215.04637
"1637",3298.39,214.44195
"1638",3300.4,214.9637
"1639",3302.42,214.13467
"1640",3304.44,214.17955
"1641",3306.45,213.10739
"1642",3308.47,213.29019
"1643",3310.48,212.02957
"1644",3312.5,212.04222
"1645",3314.52,211.46814
"1646",3316.53,211.82328
"1647",3318.55,210.76425
"1648",3320.56,210.56976
"1649",3322.58,210.30094
"1650",3324.6,210.966
"1651",3326.61,210.37003
"1652",3328.63,211.25013
"1653",3330.65,210.73401
"1654",3332.66,210.84557
"1655",3334.68,209.93899
"1656",3336.69,210.92674
"1657",3338.71,211.07272
"1658",3340.73,212.01519
"1659",3342.74,212.13481
"1660",3344.76,212.98186
"1661",3346.77,213.28885
"1662",3348.79,214.5828
"1663",3350.81,214.82002
"1664",3352.82,216.24706
"1665",3354.84,216.04462
"1666",3356.85,216.42017
"1667",3358.87,215.57809
"1668",3360.89,215.86679
"1669",3362.9,215.27715
"1670",3364.92,216.10443
"1671",3366.94,215.83939
"1672",3368.95,216.24851
"1673",3370.97,215.76077
"1674",3372.98,215.66007
"1675",3375,214.3922
"1676",3377.02,213.99785
"1677",3379.03,212.83441
"1678",3381.05,213.12056
"1679",3383.06,212.87111
"1680",3385.08,213.58748
"1681",3387.1,213.45188
"1682",3389.11,214.07299
"1683",3391.13,213.50781
"1684",3393.15,214.20914
"1685",3395.16,213.74208
"1686",3397.18,214.78105
"1687",3399.19,215.13885
"1688",3401.21,216.55941
"1689",3403.23,216.26303
"1690",3405.24,216.61289
"1691",3407.26,215.76304
"1692",3409.27,216.52782
"1693",3411.29,215.6875
"1694",3413.31,215.98132
"1695",3415.32,216.07056
"1696",3417.34,216.61599
"1697",3419.35,216.82675
"1698",3421.37,217.30887
"1699",3423.39,217.28507
"1700",3425.4,217.75067
"1701",3427.42,217.80618
"1702",3429.44,218.28803
"1703",3431.45,217.96856
"1704",3433.47,218.98509
"1705",3435.48,219.32716
"1706",3437.5,220.25215
"1707",3439.52,220.10686
"1708",3441.53,220.64771
"1709",3443.55,220.14288
"1710",3445.56,220.30793
"1711",3447.58,219.32082
"1712",3449.6,219.33965
"1713",3451.61,218.57272
"1714",3453.63,219.08762
"1715",3455.65,218.75309
"1716",3457.66,219.20779
"1717",3459.68,218.72581
"1718",3461.69,219.00726
"1719",3463.71,218.6402
"1720",3465.73,218.90605
"1721",3467.74,218.15149
"1722",3469.76,218.10064
"1723",3471.77,217.56424
"1724",3473.79,217.46789
"1725",3475.81,216.9246
"1726",3477.82,216.94812
"1727",3479.84,216.57232
"1728",3481.85,217.32446
"1729",3483.87,216.79261
"1730",3485.89,217.10135
"1731",3487.9,216.58576
"1732",3489.92,217.12474
"1733",3491.94,216.70215
"1734",3493.95,217.07083
"1735",3495.97,216.78483
"1736",3497.98,217.59678
"1737",3500,217.10122
"1738",3502.02,217.78856
"1739",3504.03,217.53563
"1740",3506.05,217.68173
"1741",3508.06,216.85656
"1742",3510.08,217.37635
"1743",3512.1,217.16773
"1744",3514.11,217.56962
"1745",3516.13,216.90685
"1746",3518.15,216.81143
"1747",3520.16,215.80791
"1748",3522.18,215.62674
"1749",3524.19,215.83602
"1750",3526.21,216.53212
"1751",3528.23,216.71399
"1752",3530.24,216.9313
"1753",3532.26,216.59154
"1754",3534.27,216.95389
"1755",3536.29,216.53643
"1756",3538.31,217.40418
"1757",3540.32,216.61963
"1758",3542.34,216.54261
"1759",3544.35,215.52217
"1760",3546.37,216.01035
"1761",3548.39,215.18116
"1762",3550.4,215.13991
"1763",3552.42,214.45109
"1764",3554.44,214.49638
"1765",3556.45,213.85552
"1766",3558.47,213.96304
"1767",3560.48,213.45699
"1768",3562.5,213.80081
"1769",3564.52,214.56479
"1770",3566.53,215.18441
"1771",3568.55,215.39462
"1772",3570.56,216.15417
"1773",3572.58,216.47472
"1774",3574.6,216.86128
"1775",3576.61,216.93858
"1776",3578.63,217.22916
"1777",3580.65,216.3758
"1778",3582.66,215.91371
"1779",3584.68,214.93844
"1780",3586.69,215.25268
"1781",3588.71,214.52755
"1782",3590.73,214.45255
"1783",3592.74,213.52633
"1784",3594.76,213.94127
"1785",3596.77,212.60148
"1786",3598.79,213.05604
"1787",3600.81,212.93252
"1788",3602.82,213.97553
"1789",3604.84,213.96693
"1790",3606.85,215.01533
"1791",3608.87,214.82016
"1792",3610.89,215.12957
"1793",3612.9,214.30363
"1794",3614.92,214.24152
"1795",3616.94,214.17122
"1796",3618.95,214.24773
"1797",3620.97,213.95202
"1798",3622.98,214.87944
"1799",3625,214.88107
"1800",3627.02,215.40753
"1801",3629.03,215.29624
"1802",3631.05,216.05296
"1803",3633.06,215.55968
"1804",3635.08,215.81909
"1805",3637.1,215.83427
"1806",3639.11,216.28466
"1807",3641.13,216.58119
"1808",3643.15,217.2164
"1809",3645.16,217.78804
"1810",3647.18,218.37177
"1811",3649.19,217.80712
"1812",3651.21,218.26305
"1813",3653.23,218.45928
"1814",3655.24,218.78023
"1815",3657.26,219.1676
"1816",3659.27,219.88844
"1817",3661.29,220.22782
"1818",3663.31,221.07273
"1819",3665.32,221.13562
"1820",3667.34,221.39636
"1821",3669.35,221.29208
"1822",3671.37,221.98536
"1823",3673.39,221.82944
"1824",3675.4,221.87661
"1825",3677.42,221.30537
"1826",3679.44,220.94584
"1827",3681.45,219.70161
"1828",3683.47,219.80807
"1829",3685.48,219.36989
"1830",3687.5,219.68415
"1831",3689.52,219.38145
"1832",3691.53,219.29543
"1833",3693.55,219.03763
"1834",3695.56,219.37337
"1835",3697.58,219.14329
"1836",3699.6,219.40134
"1837",3701.61,219.06775
"1838",3703.63,219.0406
"1839",3705.65,219.41599
"1840",3707.66,220.13736
"1841",3709.68,220.18347
"1842",3711.69,220.31075
"1843",3713.71,220.60793
"1844",3715.73,220.56546
"1845",3717.74,220.05645
"1846",3719.76,219.95201
"1847",3721.77,219.68386
"1848",3723.79,220.1461
"1849",3725.81,219.64273
"1850",3727.82,219.61613
"1851",3729.84,218.63548
"1852",3731.85,218.81962
"1853",3733.87,218.9531
"1854",3735.89,219.47083
"1855",3737.9,219.32461
"1856",3739.92,219.58576
"1857",3741.94,219.0027
"1858",3743.95,219.33576
"1859",3745.97,218.87015
"1860",3747.98,218.96103
"1861",3750,218.07917
"1862",3752.02,217.94799
"1863",3754.03,217.30793
"1864",3756.05,216.82069
"1865",3758.06,216.79531
"1866",3760.08,216.48737
"1867",3762.1,216.39045
"1868",3764.11,216.36008
"1869",3766.13,215.78656
"1870",3768.15,215.79583
"1871",3770.16,215.3836
"1872",3772.18,215.42527
"1873",3774.19,214.47419
"1874",3776.21,214.41735
"1875",3778.23,214.1445
"1876",3780.24,214.24152
"1877",3782.26,214.35
"1878",3784.27,215.05041
"1879",3786.29,214.75309
"1880",3788.31,215.12635
"1881",3790.32,215.07258
"1882",3792.34,215.46748
"1883",3794.35,215.40107
"1884",3796.37,215.50711
"1885",3798.39,215.99005
"1886",3800.4,216.6051
"1887",3802.42,216.69743
"1888",3804.44,216.53845
"1889",3806.45,216.09665
"1890",3808.47,215.7254
"1891",3810.48,215.7027
"1892",3812.5,216.1688
"1893",3814.52,216.29691
"1894",3816.53,215.77608
"1895",3818.55,215.17809
"1896",3820.56,215.63722
"1897",3822.58,215.78873
"1898",3824.6,215.82366
"1899",3826.61,215.18253
"1900",3828.63,214.90028
"1901",3830.65,214.25874
"1902",3832.66,214.22405
"1903",3834.68,213.53656
"1904",3836.69,213.23792
"1905",3838.71,212.56385
"1906",3840.73,212.26251
"1907",3842.74,211.75834
"1908",3844.76,211.67406
"1909",3846.77,211.33253
"1910",3848.79,211.51425
"1911",3850.81,211.68951
"1912",3852.82,212.49718
"1913",3854.84,213.67178
"1914",3856.85,214.58011
"1915",3858.87,214.51548
"1916",3860.89,214.04368
"1917",3862.9,214.26305
"1918",3864.92,214.39798
"1919",3866.94,214.65459
"1920",3868.95,215.53051
"1921",3870.97,215.85242
"1922",3872.98,215.79327
"1923",3875,215.39436
"1924",3877.02,215.5039
"1925",3879.03,215.45296
"1926",3881.05,215.42796
"1927",3883.06,215.11182
"1928",3885.08,215.22031
"1929",3887.1,214.50472
"1930",3889.11,214.86251
"1931",3891.13,215.22083
"1932",3893.15,214.99073
"1933",3895.16,214.82445
"1934",3897.18,214.60431
"1935",3899.19,214.30845
"1936",3901.21,214.56091
"1937",3903.23,214.93589
"1938",3905.24,214.34087
"1939",3907.26,213.80954
"1940",3909.27,214.08401
"1941",3911.29,213.50054
"1942",3913.31,214.23225
"1943",3915.32,214.68951
"1944",3917.34,215.13857
"1945",3919.35,214.78267
"1946",3921.37,214.77541
"1947",3923.39,213.78951
"1948",3925.4,213.24435
"1949",3927.42,213.03388
"1950",3929.44,212.43992
"1951",3931.45,211.83144
"1952",3933.47,211.96721
"1953",3935.48,212.65257
"1954",3937.5,212.68521
"1955",3939.52,213.80296
"1956",3941.53,214.9352
"1957",3943.55,215.46157
"1958",3945.56,215.9754
"1959",3947.58,216.23441
"1960",3949.6,216.1563
"1961",3951.61,216.22433
"1962",3953.63,216.12849
"1963",3955.65,216.16237
"1964",3957.66,215.92917
"1965",3959.68,215.57565
"1966",3961.69,215.87541
"1967",3963.71,216.0336
"1968",3965.73,216.32178
"1969",3967.74,215.73103
"1970",3969.76,215.71399
"1971",3971.77,215.57418
"1972",3973.79,215.68455
"1973",3975.81,215.64558
"1974",3977.82,215.92649
"1975",3979.84,216.26075
"1976",3981.85,215.91115
"1977",3983.87,215.25281
"1978",3985.89,214.80902
"1979",3987.9,214.77339
"1980",3989.92,214.85243
"1981",3991.94,214.93442
"1982",3993.95,214.72903
"1983",3995.97,214.3625
"1984",3997.98,214.49179
"1985",4000,214.49731
"1986",4002.02,214.64046
"1987",4004.03,214.43375
"1988",4006.05,214.6106
"1989",4008.06,214.30833
"1990",4010.08,214.68818
"1991",4012.1,214.73804
"1992",4014.11,214.84329
"1993",4016.13,214.8359
"1994",4018.15,215.2766
"1995",4020.16,215.32582
"1996",4022.18,214.94772
"1997",4024.19,214.77245
"1998",4026.21,215.13092
"1999",4028.23,215.63146
"2000",4030.24,216.00847
"2001",4032.26,215.97446
"2002",4034.27,215.75846
"2003",4036.29,215.87957
"2004",4038.31,215.97876
"2005",4040.32,216.28496
"2006",4042.34,216.40229
"2007",4044.35,216.89072
"2008",4046.37,217.1176
"2009",4048.39,217.37836
"2010",4050.4,217.39584
"2011",4052.42,217.21076
"2012",4054.44,216.6949
"2013",4056.45,216.77727
"2014",4058.47,216.81843
"2015",4060.48,216.83118
"2016",4062.5,216.30457
"2017",4064.52,216.97042
"2018",4066.53,216.85053
"2019",4068.55,216.58346
"2020",4070.56,216.2684
"2021",4072.58,215.56194
"2022",4074.6,214.90551
"2023",4076.61,214.91598
"2024",4078.63,215.19892
"2025",4080.65,215.50066
"2026",4082.66,215.41559
"2027",4084.68,215.38065
"2028",4086.69,214.70753
"2029",4088.71,214.25081
"2030",4090.73,214.27461
"2031",4092.74,213.64624
"2032",4094.76,213.94597
"2033",4096.77,214.26211
"2034",4098.79,213.99328
"2035",4100.81,214.02944
"2036",4102.82,213.9078
"2037",4104.84,213.4883
"2038",4106.85,213.21922
"2039",4108.87,213.34382
"2040",4110.89,213.59543
"2041",4112.9,214.39368
"2042",4114.92,214.84772
"2043",4116.94,216.75511
"2044",4118.95,217.65445
"2045",4120.97,218.1539
"2046",4122.98,218.08681
"2047",4125,218.52419
"2048",4127.02,218.55323
"2049",4129.03,218.33859
"2050",4131.05,217.67756
"2051",4133.06,217.76048
"2052",4135.08,216.97888
"2053",4137.1,217.1078
"2054",4139.11,216.15821
"2055",4141.13,216.17768
"2056",4143.15,216.2602
"2057",4145.16,216.55537
"2058",4147.18,215.92177
"2059",4149.19,216.77999
"2060",4151.21,216.72809
"2061",4153.23,216.91424
"2062",4155.24,216.71399
"2063",4157.26,217.01694
"2064",4159.27,216.48197
"2065",4161.29,217.13345
"2066",4163.31,216.7004
"2067",4165.32,217.60551
"2068",4167.34,217.83239
"2069",4169.35,218.61412
"2070",4171.37,218.14811
"2071",4173.39,218.45902
"2072",4175.4,217.60307
"2073",4177.42,217.76158
"2074",4179.44,217.01773
"2075",4181.45,216.83563
"2076",4183.47,216.01627
"2077",4185.48,216.16021
"2078",4187.5,215.40684
"2079",4189.52,215.38507
"2080",4191.53,214.41049
"2081",4193.55,215.12487
"2082",4195.56,214.57138
"2083",4197.58,215.51853
"2084",4199.6,215.5898
"2085",4201.61,216.51479
"2086",4203.63,216.01923
"2087",4205.65,216.34274
"2088",4207.66,216.06101
"2089",4209.68,216.59758
"2090",4211.69,215.84181
"2091",4213.71,216.05927
"2092",4215.73,215.34087
"2093",4217.74,214.7449
"2094",4219.76,214.36895
"2095",4221.77,214.261
"2096",4223.79,213.816
"2097",4225.81,214.49234
"2098",4227.82,213.98884
"2099",4229.84,214.41666
"2100",4231.85,214.62017
"2101",4233.87,215.41963
"2102",4235.89,215.60833
"2103",4237.9,215.40915
"2104",4239.92,215.01356
"2105",4241.94,215.3992
"2106",4243.95,214.84097
"2107",4245.97,215.35927
"2108",4247.98,214.78654
"2109",4250,215.01061
"2110",4252.02,214.51464
"2111",4254.03,214.41587
"2112",4256.05,214.56856
"2113",4258.06,214.74475
"2114",4260.08,214.29758
"2115",4262.1,214.6617
"2116",4264.11,214.35203
"2117",4266.13,214.57715
"2118",4268.15,215.14892
"2119",4270.16,215.06291
"2120",4272.18,214.16869
"2121",4274.19,214.02984
"2122",4276.21,214.27177
"2123",4278.23,214.69583
"2124",4280.24,214.13563
"2125",4282.26,214.05496
"2126",4284.27,213.15214
"2127",4286.29,213.53427
"2128",4288.31,213.30148
"2129",4290.32,213.73279
"2130",4292.34,212.61117
"2131",4294.35,212.32002
"2132",4296.37,211.19867
"2133",4298.39,211.78401
"2134",4300.4,211.65767
"2135",4302.42,212.23373
"2136",4304.44,211.77622
"2137",4306.45,211.36829
"2138",4308.47,210.98884
"2139",4310.48,212.85309
"2140",4312.5,213.33939
"2141",4314.52,214.23118
"2142",4316.53,213.72929
"2143",4318.55,214.13764
"2144",4320.56,213.50309
"2145",4322.58,213.86734
"2146",4324.6,213.3054
"2147",4326.61,213.99112
"2148",4328.63,213.37622
"2149",4330.65,213.99919
"2150",4332.66,213.90401
"2151",4334.68,214.76223
"2152",4336.69,214.33913
"2153",4338.71,214.87769
"2154",4340.73,215.28012
"2155",4342.74,215.4168
"2156",4344.76,214.43803
"2157",4346.77,214.99852
"2158",4348.79,214.32406
"2159",4350.81,214.26559
"2160",4352.82,213.90136
"2161",4354.84,214.53414
"2162",4356.85,214.52243
"2163",4358.87,214.53427
"2164",4360.89,213.63628
"2165",4362.9,213.51909
"2166",4364.92,212.74598
"2167",4366.94,212.41561
"2168",4368.95,211.75335
"2169",4370.97,210.7586
"2170",4372.98,209.58965
"2171",4375,209.08938
"2172",4377.02,207.47446
"2173",4379.03,207.32311
"2174",4381.05,207.61262
"2175",4383.06,208.80577
"2176",4385.08,209.54395
"2177",4387.1,209.46947
"2178",4389.11,209.30726
"2179",4391.13,209.11654
"2180",4393.15,208.4172
"2181",4395.16,208.31034
"2182",4397.18,207.82754
"2183",4399.19,208.41882
"2184",4401.21,207.90484
"2185",4403.23,209.3793
"2186",4405.24,209.8523
"2187",4407.26,210.68174
"2188",4409.27,210.13076
"2189",4411.29,210.01317
"2190",4413.31,209.81424
"2191",4415.32,209.76989
"2192",4417.34,209.8871
"2193",4419.35,209.89463
"2194",4421.37,210.06735
"2195",4423.39,210.78938
"2196",4425.4,210.62528
"2197",4427.42,210.62257
"2198",4429.44,210.1742
"2199",4431.45,209.58212
"2200",4433.47,209.49166
"2201",4435.48,210.06223
"2202",4437.5,209.83724
"2203",4439.52,210.43859
"2204",4441.53,210.92593
"2205",4443.55,211.87674
"2206",4445.56,211.36156
"2207",4447.58,212.60095
"2208",4449.6,213.38493
"2209",4451.61,214.19032
"2210",4453.63,212.91048
"2211",4455.65,213.07406
"2212",4457.66,212.43092
"2213",4459.68,212.25523
"2214",4461.69,211.95645
"2215",4463.71,211.8902
"2216",4465.73,211.50983
"2217",4467.74,211.84797
"2218",4469.76,211.78669
"2219",4471.77,212.57432
"2220",4473.79,212.74545
"2221",4475.81,213.13305
"2222",4477.82,213.09489
"2223",4479.84,213.70538
"2224",4481.85,214.07767
"2225",4483.87,214.14475
"2226",4485.89,213.63091
"2227",4487.9,213.70767
"2228",4489.92,213.17164
"2229",4491.94,213.21558
"2230",4493.95,212.34838
"2231",4495.97,212.59825
"2232",4497.98,212.14019
"2233",4500,212.67247
"2234",4502.02,212.8246
"2235",4504.03,213.83899
"2236",4506.05,213.66088
"2237",4508.06,214.08602
"2238",4510.08,213.86827
"2239",4512.1,214.30765
"2240",4514.11,214.19033
"2241",4516.13,214.76452
"2242",4518.15,215.30054
"2243",4520.16,215.41425
"2244",4522.18,215.74665
"2245",4524.19,215.07622
"2246",4526.21,214.24877
"2247",4528.23,214.4254
"2248",4530.24,213.84945
"2249",4532.26,213.12056
"2250",4534.27,212.60766
"2251",4536.29,213.02338
"2252",4538.31,212.35899
"2253",4540.32,212.50322
"2254",4542.34,211.91234
"2255",4544.35,212.17138
"2256",4546.37,211.96103
"2257",4548.39,211.93616
"2258",4550.4,211.41197
"2259",4552.42,211.63024
"2260",4554.44,210.69933
"2261",4556.45,211.78924
"2262",4558.47,211.78429
"2263",4560.48,213.24878
"2264",4562.5,212.70833
"2265",4564.52,213.53453
"2266",4566.53,213.8903
"2267",4568.55,215.20483
"2268",4570.56,214.97446
"2269",4572.58,214.96626
"2270",4574.6,214.02931
"2271",4576.61,214.14368
"2272",4578.63,213.03991
"2273",4580.65,212.8742
"2274",4582.66,212.08307
"2275",4584.68,212.41747
"2276",4586.69,212.04731
"2277",4588.71,212.17984
"2278",4590.73,211.79179
"2279",4592.74,211.69463
"2280",4594.76,211.28548
"2281",4596.77,211.80875
"2282",4598.79,211.06736
"2283",4600.81,211.08991
"2284",4602.82,210.65335
"2285",4604.84,211.35632
"2286",4606.85,211.36478
"2287",4608.87,211.5664
"2288",4610.89,210.80472
"2289",4612.9,211.71196
"2290",4614.92,212.14435
"2291",4616.94,212.51049
"2292",4618.95,211.65054
"2293",4620.97,212.07204
"2294",4622.98,211.11397
"2295",4625,212.10497
"2296",4627.02,212.46601
"2297",4629.03,213.45363
"2298",4631.05,212.27043
"2299",4633.06,212.13118
"2300",4635.08,211.50888
"2301",4637.1,212.94974
"2302",4639.11,213.63979
"2303",4641.13,214.07339
"2304",4643.15,213.50053
"2305",4645.16,213.75123
"2306",4647.18,213.67393
"2307",4649.19,214.96561
"2308",4651.21,213.8199
"2309",4653.23,214.19611
"2310",4655.24,213.58817
"2311",4657.26,213.8469
"2312",4659.27,213.08146
"2313",4661.29,214.4559
"2314",4663.31,214.2551
"2315",4665.32,214.01612
"2316",4667.34,213.46639
"2317",4669.35,213.97191
"2318",4671.37,213.64515
"2319",4673.39,214.38805
"2320",4675.4,213.76882
"2321",4677.42,215.35872
"2322",4679.44,214.79638
"2323",4681.45,215.4172
"2324",4683.47,214.47621
"2325",4685.48,215.34556
"2326",4687.5,214.83777
"2327",4689.52,215.06801
"2328",4691.53,213.52218
"2329",4693.55,212.8582
"2330",4695.56,211.85244
"2331",4697.58,212.30564
"2332",4699.6,211.32688
"2333",4701.61,211.19235
"2334",4703.63,210.61332
"2335",4705.65,210.3902
"2336",4707.66,210.19449
"2337",4709.68,210.69515
"2338",4711.69,211.18965
"2339",4713.71,211.62486
"2340",4715.73,211.41613
"2341",4717.74,212.60255
"2342",4719.76,212.27109
"2343",4721.77,213.27057
"2344",4723.79,213.70577
"2345",4725.81,214.98213
"2346",4727.82,215.16759
"2347",4729.84,215.91076
"2348",4731.85,215.23723
"2349",4733.87,215.59677
"2350",4735.89,214.94502
"2351",4737.9,214.98777
"2352",4739.92,214.8496
"2353",4741.94,214.88911
"2354",4743.95,213.41828
"2355",4745.97,213.16196
"2356",4747.98,211.86237
"2357",4750,211.94703
"2358",4752.02,210.94368
"2359",4754.03,211.10537
"2360",4756.05,211.52904
"2361",4758.06,211.71076
"2362",4760.08,211.02526
"2363",4762.1,211.84597
"2364",4764.11,212.12593
"2365",4766.13,212.87029
"2366",4768.15,213.6234
"2367",4770.16,215.49583
"2368",4772.18,216.04636
"2369",4774.19,216.28911
"2370",4776.21,216.23145
"2371",4778.23,216.49329
"2372",4780.24,216.18091
"2373",4782.26,216.37861
"2374",4784.27,215.90859
"2375",4786.29,215.81103
"2376",4788.31,214.5328
"2377",4790.32,215.15229
"2378",4792.34,213.54423
"2379",4794.35,213.00941
"2380",4796.37,211.975
"2381",4798.39,212.65053
"2382",4800.4,211.55296
"2383",4802.42,211.98456
"2384",4804.44,211.49044
"2385",4806.45,212.75067
"2386",4808.47,212.85483
"2387",4810.48,213.69302
"2388",4812.5,212.91975
"2389",4814.52,213.37123
"2390",4816.53,213.48696
"2391",4818.55,213.79045
"2392",4820.56,213.49435
"2393",4822.58,213.98939
"2394",4824.6,214.12216
"2395",4826.61,213.86384
"2396",4828.63,213.92111
"2397",4830.65,214.36251
"2398",4832.66,214.38279
"2399",4834.68,214.9149
"2400",4836.69,212.91681
"2401",4838.71,213.15888
"2402",4840.73,212.18305
"2403",4842.74,212.48469
"2404",4844.76,212.01519
"2405",4846.77,211.91022
"2406",4848.79,211.18684
"2407",4850.81,212.09342
"2408",4852.82,212.19141
"2409",4854.84,212.42633
"2410",4856.85,211.43966
"2411",4858.87,212.15054
"2412",4860.89,212.32472
"2413",4862.9,212.80928
"2414",4864.92,213.19247
"2415",4866.94,213.75403
"2416",4868.95,213.37608
"2417",4870.97,213.175
"2418",4872.98,211.38683
"2419",4875,211.56693
"2420",4877.02,210.8508
"2421",4879.03,210.5859
"2422",4881.05,209.41089
"2423",4883.06,209.03681
"2424",4885.08,209.13212
"2425",4887.1,210.50767
"2426",4889.11,211.33602
"2427",4891.13,211.7664
"2428",4893.15,211.17325
"2429",4895.16,210.96626
"2430",4897.18,210.55578
"2431",4899.19,210.99744
"2432",4901.21,210.94125
"2433",4903.23,211.36909
"2434",4905.24,211.10633
"2435",4907.26,212.02285
"2436",4909.27,211.93588
"2437",4911.29,213.13992
"2438",4913.31,213.11222
"2439",4915.32,213.72728
"2440",4917.34,213.61222
"2441",4919.35,214.53455
"2442",4921.37,214.71571
"2443",4923.39,215.28454
"2444",4925.4,214.78884
"2445",4927.42,215.60282
"2446",4929.44,215.29128
"2447",4931.45,215.79502
"2448",4933.47,215.8211
"2449",4935.48,216.03373
"2450",4937.5,215.96129
"2451",4939.52,216.23145
"2452",4941.53,216.28333
"2453",4943.55,217.3406
"2454",4945.56,217.22728
"2455",4947.58,218.00484
"2456",4949.6,217.61197
"2457",4951.61,218.30807
"2458",4953.63,218.35861
"2459",4955.65,218.61076
"2460",4957.66,217.82851
"2461",4959.68,217.79288
"2462",4961.69,217.77002
"2463",4963.71,218.0648
"2464",4965.73,217.68738
"2465",4967.74,217.64328
"2466",4969.76,216.73749
"2467",4971.77,217.34435
"2468",4973.79,217.50027
"2469",4975.81,218.69624
"2470",4977.82,219.48146
"2471",4979.84,220.7508
"2472",4981.85,220.96505
"2473",4983.87,221.18386
"2474",4985.89,220.80592
"2475",4987.9,220.82904
"2476",4989.92,220.43172
"2477",4991.94,220.68144
"2478",4993.95,220.49934
"2479",4995.97,221.29099
"2480",4997.98,221.48563
"2481",5000,221.70686
"2482",5002.02,221.26733
"2483",5004.03,221.45657
"2484",5006.05,220.84491
"2485",5008.06,220.5699
"2486",5010.08,220.28912
"2487",5012.1,220.08925
"2488",5014.11,219.37568
"2489",5016.13,219.31612
"2490",5018.15,218.53764
"2491",5020.16,217.93467
"2492",5022.18,217.29167
"2493",5024.19,217.28575
"2494",5026.21,217.21599
"2495",5028.23,216.72406
"2496",5030.24,215.58077
"2497",5032.26,215.92674
"2498",5034.27,216.1558
"2499",5036.29,216.62634
"2500",5038.31,217.38265
"2501",5040.32,217.67555
"2502",5042.34,217.01384
"2503",5044.35,216.70619
"2504",5046.37,215.92728
"2505",5048.39,216.45108
"2506",5050.4,216.09139
"2507",5052.42,216.29852
"2508",5054.44,215.9277
"2509",5056.45,216.15846
"2510",5058.47,215.57904
"2511",5060.48,216.04422
"2512",5062.5,216.19233
"2513",5064.52,217.34381
"2514",5066.53,217.03293
"2515",5068.55,217.57326
"2516",5070.56,217.72661
"2517",5072.58,218.44341
"2518",5074.6,218.14019
"2519",5076.61,219.0211
"2520",5078.63,218.85915
"2521",5080.65,219.10645
"2522",5082.66,218.15994
"2523",5084.68,217.7055
"2524",5086.69,217.64865
"2525",5088.71,218.13844
"2526",5090.73,218.53925
"2527",5092.74,218.4574
"2528",5094.76,218.49933
"2529",5096.77,218.50162
"2530",5098.79,217.81411
"2531",5100.81,217.44973
"2532",5102.82,216.93132
"2533",5104.84,216.27366
"2534",5106.85,215.74518
"2535",5108.87,215.88253
"2536",5110.89,215.19437
"2537",5112.9,215.21545
"2538",5114.92,215.16345
"2539",5116.94,214.86101
"2540",5118.95,214.52338
"2541",5120.97,215.22178
"2542",5122.98,214.27028
"2543",5125,214.44959
"2544",5127.02,213.91157
"2545",5129.03,214.49437
"2546",5131.05,213.63294
"2547",5133.06,214.29086
"2548",5135.08,214.23912
"2549",5137.1,214.80294
"2550",5139.11,214.72742
"2551",5141.13,215.67123
"2552",5143.15,216.23199
"2553",5145.16,216.90066
"2554",5147.18,216.69234
"2555",5149.19,216.52433
"2556",5151.21,215.63871
"2557",5153.23,215.45874
"2558",5155.24,215.03671
"2559",5157.26,216.16774
"2560",5159.27,216.41437
"2561",5161.29,217.07555
"2562",5163.31,217.34449
"2563",5165.32,218.08239
"2564",5167.34,218.68361
"2565",5169.35,218.95308
"2566",5171.37,219.13777
"2567",5173.39,220.02781
"2568",5175.4,220.38804
"2569",5177.42,220.72311
"2570",5179.44,220.18521
"2571",5181.45,220.49327
"2572",5183.47,221.01721
"2573",5185.48,222.08776
"2574",5187.5,222.00133
"2575",5189.52,222.38614
"2576",5191.53,222.32229
"2577",5193.55,222.17111
"2578",5195.56,221.44006
"2579",5197.58,221.81546
"2580",5199.6,221.91721
"2581",5201.61,222.85281
"2582",5203.63,222.59115
"2583",5205.65,222.60094
"2584",5207.66,223.234
"2585",5209.68,223.00349
"2586",5211.69,221.99719
"2587",5213.71,221.18213
"2588",5215.73,220.6172
"2589",5217.74,220.8039
"2590",5219.76,220.36761
"2591",5221.77,220.01814
"2592",5223.79,219.69919
"2593",5225.81,219.74839
"2594",5227.82,220.1035
"2595",5229.84,220.45727
"2596",5231.85,220.41666
"2597",5233.87,220.41948
"2598",5235.89,221.01587
"2599",5237.9,221.63536
"2600",5239.92,221.25767
"2601",5241.94,221.0758
"2602",5243.95,221.02917
"2603",5245.97,221.71788
"2604",5247.98,221.2652
"2605",5250,221.23601
"2606",5252.02,221.59677
"2607",5254.03,222.06573
"2608",5256.05,222.35054
"2609",5258.06,222.83589
"2610",5260.08,222.36035
"2611",5262.1,222.35228
"2612",5264.11,221.53172
"2613",5266.13,221.75189
"2614",5268.15,221.05591
"2615",5270.16,220.64798
"2616",5272.18,219.50068
"2617",5274.19,219.47473
"2618",5276.21,218.99612
"2619",5278.23,218.60053
"2620",5280.24,218.34477
"2621",5282.26,218.51074
"2622",5284.27,218.22474
"2623",5286.29,218.24745
"2624",5288.31,218.30147
"2625",5290.32,218.98684
"2626",5292.34,219.22338
"2627",5294.35,219.7332
"2628",5296.37,219.98845
"2629",5298.39,220.35067
"2630",5300.4,220.29933
"2631",5302.42,220.33307
"2632",5304.44,220.19086
"2633",5306.45,220.72002
"2634",5308.47,220.1316
"2635",5310.48,219.93159
"2636",5312.5,219.81359
"2637",5314.52,220.45066
"2638",5316.53,220.25968
"2639",5318.55,220.88925
"2640",5320.56,220.82461
"2641",5322.58,221.04892
"2642",5324.6,221.1703
"2643",5326.61,220.8273
"2644",5328.63,220.13293
"2645",5330.65,219.97258
"2646",5332.66,220.14732
"2647",5334.68,220.41384
"2648",5336.69,220.34382
"2649",5338.71,220.66989
"2650",5340.73,219.85403
"2651",5342.74,219.06061
"2652",5344.76,218.50819
"2653",5346.77,218.30685
"2654",5348.79,218.50685
"2655",5350.81,218.51196
"2656",5352.82,218.56491
"2657",5354.84,218.11706
"2658",5356.85,217.96036
"2659",5358.87,218.17378
"2660",5360.89,217.93118
"2661",5362.9,218.1816
"2662",5364.92,218.06989
"2663",5366.94,218.07259
"2664",5368.95,218.47942
"2665",5370.97,218.13616
"2666",5372.98,218.05122
"2667",5375,217.94382
"2668",5377.02,217.27299
"2669",5379.03,217.31346
"2670",5381.05,217.22313
"2671",5383.06,217.11397
"2672",5385.08,217.05001
"2673",5387.1,216.63092
"2674",5389.11,216.34275
"2675",5391.13,216.12916
"2676",5393.15,216.13549
"2677",5395.16,215.9332
"2678",5397.18,216.33439
"2679",5399.19,216.39517
"2680",5401.21,216.63145
"2681",5403.23,217.50793
"2682",5405.24,217.54139
"2683",5407.26,217.66975
"2684",5409.27,217.86813
"2685",5411.29,217.4402
"2686",5413.31,217.07983
"2687",5415.32,217.03158
"2688",5417.34,217.21075
"2689",5419.35,217.04866
"2690",5421.37,216.8004
"2691",5423.39,216.3039
"2692",5425.4,216.56384
"2693",5427.42,216.31894
"2694",5429.44,216.0203
"2695",5431.45,216.06492
"2696",5433.47,215.48845
"2697",5435.48,215.24745
"2698",5437.5,215.09235
"2699",5439.52,214.65525
"2700",5441.53,214.30565
"2701",5443.55,214.24113
"2702",5445.56,214.73253
"2703",5447.58,214.99932
"2704",5449.6,214.33227
"2705",5451.61,214.14072
"2706",5453.63,214.07688
"2707",5455.65,214.36494
"2708",5457.66,213.98628
"2709",5459.68,214.35859
"2710",5461.69,214.57634
"2711",5463.71,214.46693
"2712",5465.73,215.05551
"2713",5467.74,215.66049
"2714",5469.76,216.34905
"2715",5471.77,216.1082
"2716",5473.79,215.62433
"2717",5475.81,214.54502
"2718",5477.82,214.69974
"2719",5479.84,214.11935
"2720",5481.85,214.7891
"2721",5483.87,214.72137
"2722",5485.89,215.03279
"2723",5487.9,214.65068
"2724",5489.92,214.43469
"2725",5491.94,214.39866
"2726",5493.95,213.92757
"2727",5495.97,213.93413
"2728",5497.98,213.63171
"2729",5500,213.7676
"2730",5502.02,213.60014
"2731",5504.03,213.72151
"2732",5506.05,213.58104
"2733",5508.06,213.64005
"2734",5510.08,213.11494
"2735",5512.1,212.79972
"2736",5514.11,212.82528
"2737",5516.13,212.63185
"2738",5518.15,212.37742
"2739",5520.16,212.8332
"2740",5522.18,212.85525
"2741",5524.19,213.15927
"2742",5526.21,212.97903
"2743",5528.23,213.45242
"2744",5530.24,213.21331
"2745",5532.26,213.05954
"2746",5534.27,212.84961
"2747",5536.29,212.82648
"2748",5538.31,213.35712
"2749",5540.32,213.23873
"2750",5542.34,213.61734
"2751",5544.35,213.3195
"2752",5546.37,213.24301
"2753",5548.39,212.94247
"2754",5550.4,213.34368
"2755",5552.42,213.0988
"2756",5554.44,213.16936
"2757",5556.45,213.16491
"2758",5558.47,212.93373
"2759",5560.48,212.77634
"2760",5562.5,212.78709
"2761",5564.52,213.04503
"2762",5566.53,213.46439
"2763",5568.55,214.10552
"2764",5570.56,214.11116
"2765",5572.58,214.26665
"2766",5574.6,213.66413
"2767",5576.61,213.53051
"2768",5578.63,213.44893
"2769",5580.65,213.59704
"2770",5582.66,213.49474
"2771",5584.68,213.27553
"2772",5586.69,212.63198
"2773",5588.71,212.02056
"2774",5590.73,211.61009
"2775",5592.74,211.28132
"2776",5594.76,210.34074
"2777",5596.77,209.47539
"2778",5598.79,209.10848
"2779",5600.81,208.74033
"2780",5602.82,208.22943
"2781",5604.84,207.6508
"2782",5606.85,207.74477
"2783",5608.87,207.57298
"2784",5610.89,207.19071
"2785",5612.9,206.80686
"2786",5614.92,206.78307
"2787",5616.94,207.36089
"2788",5618.95,207.63641
"2789",5620.97,208.04409
"2790",5622.98,207.92407
"2791",5625,208.38684
"2792",5627.02,208.14799
"2793",5629.03,208.00766
"2794",5631.05,207.74772
"2795",5633.06,207.73415
"2796",5635.08,207.99422
"2797",5637.1,208.04584
"2798",5639.11,208.05269
"2799",5641.13,207.48252
"2800",5643.15,207.69611
"2801",5645.16,207.25887
"2802",5647.18,206.95012
"2803",5649.19,206.69798
"2804",5651.21,206.44168
"2805",5653.23,205.57661
"2806",5655.24,205.41937
"2807",5657.26,205.84623
"2808",5659.27,206.36276
"2809",5661.29,206.74677
"2810",5663.31,207.44705
"2811",5665.32,207.25928
"2812",5667.34,206.86748
"2813",5669.35,206.50053
"2814",5671.37,206.19369
"2815",5673.39,206.57957
"2816",5675.4,207.17688
"2817",5677.42,207.78173
"2818",5679.44,207.75216
"2819",5681.45,207.74814
"2820",5683.47,207.92809
"2821",5685.48,207.88119
"2822",5687.5,208.19517
"2823",5689.52,208.16236
"2824",5691.53,208.49717
"2825",5693.55,208.22955
"2826",5695.56,208.42205
"2827",5697.58,208.95053
"2828",5699.6,209.32044
"2829",5701.61,209.3578
"2830",5703.63,209.54424
"2831",5705.65,209.57704
"2832",5707.66,209.30914
"2833",5709.68,209.09596
"2834",5711.69,209.25039
"2835",5713.71,209.40364
"2836",5715.73,209.21076
"2837",5717.74,209.44355
"2838",5719.76,208.91627
"2839",5721.77,208.91116
"2840",5723.79,209.11679
"2841",5725.81,208.86922
"2842",5727.82,209.0785
"2843",5729.84,209.11706
"2844",5731.85,209.55121
"2845",5733.87,209.73091
"2846",5735.89,209.93979
"2847",5737.9,210.37554
"2848",5739.92,210.45067
"2849",5741.94,210.10012
"2850",5743.95,210.2355
"2851",5745.97,210.39179
"2852",5747.98,210.37244
"2853",5750,210.08992
"2854",5752.02,210.1176
"2855",5754.03,209.74046
"2856",5756.05,210.05888
"2857",5758.06,210.09531
"2858",5760.08,210.16264
"2859",5762.1,210.36249
"2860",5764.11,210.55658
"2861",5766.13,210.26532
"2862",5768.15,209.79825
"2863",5770.16,209.86895
"2864",5772.18,209.32366
"2865",5774.19,209.15819
"2866",5776.21,209.38978
"2867",5778.23,209.35739
"2868",5780.24,209.75699
"2869",5782.26,210.05482
"2870",5784.27,210.10874
"2871",5786.29,209.77432
"2872",5788.31,209.26451
"2873",5790.32,208.66599
"2874",5792.34,208.02177
"2875",5794.35,207.96101
"2876",5796.37,207.73897
"2877",5798.39,207.81601
"2878",5800.4,208.48226
"2879",5802.42,209.44771
"2880",5804.44,210.26936
"2881",5806.45,210.54423
"2882",5808.47,210.51424
"2883",5810.48,210.40228
"2884",5812.5,209.8289
"2885",5814.52,209.14516
"2886",5816.53,208.88401
"2887",5818.55,208.43871
"2888",5820.56,208.4883
"2889",5822.58,208.32258
"2890",5824.6,207.82298
"2891",5826.61,207.23454
"2892",5828.63,207.26398
"2893",5830.65,206.76452
"2894",5832.66,207.35296
"2895",5834.68,207.79784
"2896",5836.69,208.45082
"2897",5838.71,208.54407
"2898",5840.73,209.30295
"2899",5842.74,209.60727
"2900",5844.76,209.36263
"2901",5846.77,209.49786
"2902",5848.79,210.13884
"2903",5850.81,210.47217
"2904",5852.82,210.87984
"2905",5854.84,211.1699
"2906",5856.85,211.74637
"2907",5858.87,212.45201
"2908",5860.89,213.32943
"2909",5862.9,213.65015
"2910",5864.92,214.05833
"2911",5866.94,213.84556
"2912",5868.95,213.71277
"2913",5870.97,213.60146
"2914",5872.98,213.78603
"2915",5875,213.393
"2916",5877.02,213.20834
"2917",5879.03,212.70512
"2918",5881.05,212.52648
"2919",5883.06,212.04785
"2920",5885.08,211.91359
"2921",5887.1,211.18549
"2922",5889.11,210.502
"2923",5891.13,210.1684
"2924",5893.15,210.32889
"2925",5895.16,209.92191
"2926",5897.18,209.80216
"2927",5899.19,209.67028
"2928",5901.21,209.70981
"2929",5903.23,209.35216
"2930",5905.24,209.61936
"2931",5907.26,208.5082
"2932",5909.27,208.08616
"2933",5911.29,207.31142
"2934",5913.31,207.94503
"2935",5915.32,207.94825
"2936",5917.34,208.14166
"2937",5919.35,207.8391
"2938",5921.37,207.58978
"2939",5923.39,207.45496
"2940",5925.4,208.74288
"2941",5927.42,209.96384
"2942",5929.44,211.05362
"2943",5931.45,211.67703
"2944",5933.47,211.99167
"2945",5935.48,212.01077
"2946",5937.5,212.06021
"2947",5939.52,211.77056
"2948",5941.53,212.63629
"2949",5943.55,213.37634
"2950",5945.56,213.87956
"2951",5947.58,213.6621
"2952",5949.6,213.79113
"2953",5951.61,213.86329
"2954",5953.63,214.0121
"2955",5955.65,214.15901
"2956",5957.66,214.54879
"2957",5959.68,214.35741
"2958",5961.69,214.53883
"2959",5963.71,214.72487
"2960",5965.73,214.9758
"2961",5967.74,214.33496
"2962",5969.76,214.52217
"2963",5971.77,214.73211
"2964",5973.79,214.92756
"2965",5975.81,215.18118
"2966",5977.82,215.9371
"2967",5979.84,216.02809
"2968",5981.85,216.32865
"2969",5983.87,216.35482
"2970",5985.89,216.29193
"2971",5987.9,216.27434
"2972",5989.92,216.71653
"2973",5991.94,216.92459
"2974",5993.95,217.63617
"2975",5995.97,217.82015
"2976",5997.98,218.01762
"2977",6000,217.55579
"2978",6002.02,217.18857
"2979",6004.03,216.10592
"2980",6006.05,216.37459
"2981",6008.06,216.11034
"2982",6010.08,216.3168
"2983",6012.1,216.03951
"2984",6014.11,216.26411
"2985",6016.13,216.21586
"2986",6018.15,216.42741
"2987",6020.16,216.52204
"2988",6022.18,216.29812
"2989",6024.19,216.29717
"2990",6026.21,216.50149
"2991",6028.23,216.48911
"2992",6030.24,216.90027
"2993",6032.26,216.64893
"2994",6034.27,216.47029
"2995",6036.29,216.38293
"2996",6038.31,217.09194
"2997",6040.32,217.86399
"2998",6042.34,218.29341
"2999",6044.35,218.09597
"3000",6046.37,217.90147
